Arch,Index,Scenario,Lookback,Split,MAE_mean,MAE_std,RMSE_mean,RMSE_std,MAPE_mean,MAPE_std,R2_mean,R2_std,MedAE_mean,MedAE_std,n_seeds,MAE_ci95,RMSE_ci95,MAPE_ci95,R2_ci95,MedAE_ci95
BiLSTM,EUROSTOXX50,A,3,test,33.32191970585528,0.3389539519704832,45.42981783999021,0.40953406148337496,0.7309742481214705,0.007027791323306702,0.9931597856476142,0.00012420826831395897,24.791845703125,0.7618113769553019,10,0.24247305035412528,0.2929630191195857,0.005027379056972384,8.885324251924325e-05,0.5449670295654617
BiLSTM,EUROSTOXX50,A,3,val,35.73230512323654,0.2287539867117664,49.662454752973915,0.16533218927603835,0.9149232558179181,0.0060830994597017175,0.9595485601793714,0.0002693907887334269,26.87099609375,0.43142914729038323,10,0.16364074416662705,0.1182715233807854,0.004351587208311564,0.00019271056113010285,0.30862581995883637
BiLSTM,EUROSTOXX50,B,20,test,34.13977334084364,0.2028201998201375,46.72599551283346,0.2250665504210743,0.707192288893532,0.004029909605880742,0.9868252395310384,0.0001268805607722244,25.7390380859375,0.5790831550244344,10,0.14508883061527042,0.16100291115068843,0.0028828236670755385,9.076488538408399e-05,0.41425113408824565
BiLSTM,EUROSTOXX50,B,20,val,40.413573701137366,0.3083478307094805,55.05221169898588,0.24157369100504253,1.0728612910116588,0.008076147322483868,0.9564683011713175,0.00038133885522007624,30.55595703125,0.8565016890959061,10,0.22057875014455045,0.1728114081655505,0.005777327760918076,0.0002727933836033693,0.6127043982854345
BiLSTM,EUROSTOXX50,C,20,test,35.99676513671875,0.6146467695318533,49.35834494643039,1.0306289447213213,0.7455932550266036,0.012459622180838808,0.985293541764908,0.0006169189169533809,27.9904052734375,0.8371083668449416,10,0.43969181132803487,0.7372675331178723,0.008913076773068544,0.0004413172076774482,0.5988312512831497
BiLSTM,EUROSTOXX50,C,20,val,42.283535518578844,0.23907631695722725,56.32544798289062,0.4133644733591838,1.1247668771565908,0.006751048862612318,0.9544300127195422,0.0006678445137735499,32.5887451171875,1.4188925434360644,10,0.1710248943936098,0.2957031307077253,0.00482940942653445,0.00047774718505433394,1.0150145798023493
BiLSTM,NIKKEI225,A,10,test,328.96079220655486,6.228171856139004,480.08457332297655,6.089056512787745,0.9515695989471581,0.017034586900457706,0.9899273501661691,0.00025620390522620914,244.0978515625,6.92009707949341,10,4.455365748971254,4.355848627375992,0.01218580937990093,0.00018327723294475086,4.9503392359253535
BiLSTM,NIKKEI225,A,10,val,274.31305213341346,2.2762695622643982,349.79328724907623,2.3387078914712385,0.9801394364828242,0.00790404900355553,0.9179436804039574,0.0010971777162653335,218.86533203125,6.276885000210764,10,1.628345151256893,1.6730108412533797,0.005654216039963706,0.0007848736564269218,4.490213032995393
BiLSTM,NIKKEI225,B,10,test,334.58845988948167,10.56334755685337,487.9689856672891,10.634192164135706,0.9663969105220224,0.028640489580322004,0.9895908469571086,0.0004623531647839532,250.7724609375,7.078868955055445,10,7.556563625150118,7.607242804221569,0.02048817201217044,0.00033074752943376587,5.063917793585377
BiLSTM,NIKKEI225,B,10,val,274.41598021119506,1.9658615534394845,351.6024602727206,1.5649750972240462,0.9805168478480267,0.0066407271567045355,0.9170945321945224,0.0007376064843719204,207.53837890625,8.286200596133696,10,1.4062926384699013,1.119515743498995,0.004750490032332902,0.0005276518924972339,5.927590820848939
BiLSTM,NIKKEI225,C,20,test,353.442426274897,11.185965498165444,506.088754274801,13.281178341412128,1.019247650585538,0.030910970989380167,0.9887087878396101,0.0006054469559164742,276.98779296875,8.747320645959283,10,8.001957669259953,9.500782646191933,0.022112376568058336,0.00043311066112446784,6.257456232981361
BiLSTM,NIKKEI225,C,20,val,284.2264394641596,2.4583870542610047,363.7954012135925,3.449434552534864,1.016820093127859,0.008393711439197373,0.9080748521868907,0.0017466617483167016,222.68251953125,4.953904670779649,10,1.7586241568579415,2.4675768289106146,0.00600449944490317,0.0012494865440840204,3.543809917850116
BiLSTM,SP500,A,10,test,35.796038134829956,0.2149135892771301,50.97465191948826,0.39567671569929114,0.7419732492948705,0.0036752443429540356,0.996035895407912,6.138607955865801e-05,26.8627197265625,0.32136392130336316,10,0.15373992028013667,0.28305007111427294,0.0026291114219267487,4.391295594383568e-05,0.22988990043985427
BiLSTM,SP500,A,10,val,36.428707486979164,0.19022405340774187,48.87048530521175,0.2586620064369957,0.8590713545555083,0.005066160210610738,0.9678142289159704,0.000340644479397791,27.784521484375,0.3958604401793541,10,0.13607809029032297,0.18503565262150534,0.0036241126935037346,0.0002436823808240126,0.28318149968988515
BiLSTM,SP500,B,2,test,36.17471912687419,0.46200187955114574,51.08260824703702,0.4455263530438912,0.7507220153283194,0.009177534570807704,0.9960183466086422,6.964082681015772e-05,27.691796875,0.6494412213018831,10,0.33049623511650533,0.31871035344974685,0.0065652127351740275,4.981804639738427e-05,0.4645822626918039
BiLSTM,SP500,B,2,val,37.22976890145643,0.25186447914775767,50.159224332479226,0.4457186681490703,0.8826567863675869,0.0065157643896757945,0.9675386977541249,0.0005762064643246155,29.2975341796875,0.752467221535044,10,0.1801729945315047,0.3188479273883626,0.004661097053947481,0.00041219327352973775,0.5382826234549519
BiLSTM,SP500,C,3,test,37.520226030872635,0.3175859099645662,53.50009719917299,0.5797272346720755,0.7798149229285328,0.006794156271022606,0.9956316668203637,9.504390380440354e-05,27.89996337890625,0.6831822255629265,10,0.2271872739377436,0.41471188091219224,0.004860246608840009,6.799031295857154e-05,0.4887191231049233
BiLSTM,SP500,C,3,val,38.48639804380726,0.22285659758768073,51.85514816108863,0.48969177368582206,0.9130354066661323,0.005781781441243654,0.9651761718492455,0.0006565945633852961,28.44012451171875,0.660144179420046,10,0.15942200612941185,0.35030439211183206,0.004136037282908866,0.00046969945535207047,0.4722386976961357
LSTM,EUROSTOXX50,A,2,test,33.53017983430351,0.2661676318683811,45.69787769630955,0.3694548421025327,0.7354811745053905,0.005746310268946777,0.9930926511845435,0.00011245215883678261,25.2474365234375,0.45726172929234676,10,0.1904048536076086,0.2642920727488785,0.004110662734842793,8.044342841719018e-05,0.32710533589345103
LSTM,EUROSTOXX50,A,2,val,35.782614183675555,0.15388558469794913,49.759891429664094,0.28020239861596735,0.9163142417192498,0.0038774297196572096,0.9596119130601538,0.000456513741615631,27.03458251953125,0.5288228302418163,10,0.11008311574573154,0.20044472092442991,0.002773746127441218,0.0003265702577433183,0.3782970636577829
LSTM,EUROSTOXX50,B,20,test,34.31402496233735,0.48271622794370095,46.885399978394034,0.6776955614374868,0.7109729454272922,0.010006761486175792,0.9867329783166623,0.000384070281694945,25.98515625,0.5653562414255858,10,0.3453143872921682,0.48479420003195156,0.007158405935713997,0.000274747328395366,0.4044314916474041
LSTM,EUROSTOXX50,B,20,val,40.67973667320009,0.3910331148402182,55.19612781640478,0.3734968285967931,1.080710065601191,0.010461285352891031,0.956239359761405,0.0005929638235804691,29.3421630859375,1.2245146887010596,10,0.27972823917108175,0.26718353570145925,0.007483552722705268,0.0004241807661995402,0.8759650390464654
LSTM,EUROSTOXX50,C,20,test,36.87596643857988,0.7506765914128357,50.54585788475017,0.6004857003811614,0.7630534482252195,0.014471078506440029,0.9845814746581911,0.0003649688300790362,29.33447265625,1.5492450569310217,10,0.5370016838309595,0.429561592714909,0.010351985946681307,0.0002610829730675235,1.1082631505439053
LSTM,EUROSTOXX50,C,20,val,42.5136798979958,1.0698354400427739,56.79181964299793,0.6900566235228336,1.1298575958720802,0.02803231428756762,0.9536683445733679,0.0011303213558794905,32.3020751953125,1.6488669201222323,10,0.765314170305673,0.493636771160055,0.02005310961644711,0.0008085831879144977,1.1795283383651636
LSTM,NIKKEI225,A,20,test,329.9151887663118,7.395710917231205,481.6416633334321,6.14519442545202,0.9521948310138726,0.020438211162440056,0.9897781427081593,0.000260833608558832,244.9265625,9.709810548962432,10,5.290572879334703,4.396007270888152,0.014620615501099471,0.00018658912319641986,6.945980032038711
LSTM,NIKKEI225,A,20,val,273.14906702418784,1.2440797727378072,347.33908035802915,0.7287824487512954,0.9774471254940306,0.004124541857636525,0.9162096877027098,0.00035144351662635617,216.46669921875,4.985015125419638,10,0.8899610570283949,0.5213395576773326,0.0029505195018982647,0.00025140754668349187,3.566064996425269
LSTM,NIKKEI225,B,10,test,333.8438463329946,5.1704021126729245,486.50081568597716,4.213608699204599,0.9643811021226126,0.01405295790689363,0.9896571118776709,0.0001791548804043491,253.4865234375,6.162339501722891,10,3.6986828580372797,3.014234082108556,0.010052880488259806,0.00012815968093876623,4.408272119602216
LSTM,NIKKEI225,B,10,val,274.44922787173766,1.2985857291875824,352.18076549839896,1.4735278477938625,0.9804860079805076,0.0042228113610167615,0.916821759609116,0.000696122682537804,206.59033203125,5.330515579096702,10,0.9289522693922414,1.0540983220854752,0.0030208172697893617,0.000497976168368547,3.8132211319852614
LSTM,NIKKEI225,C,10,test,351.1091910674966,11.058081394670818,507.86655387043777,10.020628642223723,1.0154402291069395,0.03082253706894155,0.988725514636694,0.0004487896749629502,271.1998046875,12.118026958578785,10,7.910474892658945,7.168325901559303,0.022049114752348945,0.00032104479332100886,8.668714271772213
LSTM,NIKKEI225,C,10,val,290.502389895261,5.292419384117889,369.8155018622707,4.645230818897735,1.0371398488214565,0.01793651240626888,0.9082716652868035,0.0023051616461999755,233.9638671875,9.74999530498685,10,3.785968755815289,3.3229979462083667,0.012831008019169983,0.0016490133030286028,6.974726474776235
LSTM,SP500,A,3,test,35.80140495599095,0.11321888522112539,51.43597900160542,0.2445339307891196,0.7423865069496366,0.0017892185492954387,0.9959625832957126,3.837058723475594e-05,26.89512939453125,0.38351464030933596,10,0.08099191143123326,0.1749290361384715,0.0012799298455609311,2.7448664565210705e-05,0.27434984649291766
LSTM,SP500,A,3,val,36.50113921639807,0.09788180514231626,48.93007438983686,0.17155131752669847,0.8634127621218648,0.0023151258402799753,0.9689962337964492,0.0002173974476160903,27.8471923828125,0.9908628186302879,10,0.07002042527916094,0.1227204197241223,0.0016561412580763388,0.00015551676549640858,0.7088205601942484
LSTM,SP500,B,2,test,36.0327297404661,0.16289779467754587,51.00114590861564,0.24989440155265208,0.7484540663302902,0.0030583065911855487,0.9960312216577483,3.887613950542806e-05,27.7771484375,0.47280778793874517,10,0.11653006239285309,0.17876368591851302,0.0021877807406342413,2.781031487337409e-05,0.33822631630705197
LSTM,SP500,B,2,val,37.21758966271622,0.07681245405840836,50.25233519722359,0.425853991977498,0.8828152366278005,0.0022314785804877072,0.9674182792840474,0.0005517423823584331,28.9447998046875,0.49342044356050124,10,0.05494831947659452,0.30463759410380636,0.001596303613116939,0.0003946927235465644,0.3529717218568345
LSTM,SP500,C,2,test,37.079347740282756,0.3580738159825501,52.711291872670174,0.4954839404055502,0.7703982171803235,0.006951682232611817,0.9957603554422392,7.994500954090566e-05,28.2046142578125,0.5829586738909162,10,0.2561505771167153,0.35444785857542543,0.004972933893335306,5.718921467439059e-05,0.4170235132736715
LSTM,SP500,C,2,val,38.1693925424282,0.19649475679988052,51.38162765841472,0.49593620227672885,0.9058334310787395,0.005002700233042201,0.9659367894206143,0.0006587186002894212,28.4706787109375,0.6581512787947945,10,0.14056388126729386,0.3547713872282883,0.0035787161602962164,0.0004712188998200104,0.4708130624709136
TCN,EUROSTOXX50,A,2,test,33.64724717881945,0.28595566433976777,45.82146457737734,0.41449594124772854,0.738043983460672,0.00588478104594419,0.9930551368235158,0.00012534190917111698,25.6215087890625,0.6041952548443267,10,0.20456035929193656,0.29651253407569983,0.004209718761445463,8.966420033532179e-05,0.4322152481182741
TCN,EUROSTOXX50,A,2,val,35.386142782640704,0.15782593665034095,49.36157276722612,0.17503396230558738,0.9061377853114108,0.0038062503830034538,0.9602566077833433,0.0002810495913205444,26.7028564453125,0.7822877091410535,10,0.11290187372689965,0.1252117537178047,0.002722827497402285,0.00020105076607635207,0.5596149152038504
TCN,EUROSTOXX50,B,2,test,33.895311893690504,0.47723291278074065,46.034673751525276,0.6937697138774275,0.7046996670857357,0.009785928055817317,0.9874615856805053,0.00037744628205869094,25.7890380859375,0.8572769096559849,10,0.34139185992263393,0.4962929559877724,0.007000431216233968,0.00027000880451030746,0.6132589576667511
TCN,EUROSTOXX50,B,2,val,41.128656188356516,0.4591687398571094,55.62557151170142,0.3337813101177725,1.0859327304097897,0.011012963411282288,0.9586940284820047,0.0004959618865967753,31.31650390625,1.0494777922388618,10,0.3284695290707468,0.23877276528258437,0.007878199431657691,0.00035478976068400916,0.750751186359466
TCN,EUROSTOXX50,C,2,test,35.63004987097734,0.6928167546723348,48.726296759706926,0.4244786363018291,0.739806711807948,0.01392556665642253,0.9859544035761478,0.0002450073623946034,27.55299072265625,1.255888991058599,10,0.4956112500392843,0.3036537239230263,0.009961750277472812,0.00017526770870696746,0.8984088629084974
TCN,EUROSTOXX50,C,2,val,42.18717207290801,0.3618972952999701,56.105487229362005,0.4158672604073402,1.1153766643575704,0.010091923600053856,0.9579774941469349,0.0006246964307648533,33.529345703125,1.0497994942943258,10,0.2588857294513352,0.29749351670684215,0.007219327242005236,0.0004468809058939047,0.750981318146513
TCN,NIKKEI225,A,5,test,331.55667453524563,7.903517549767517,486.25351933413475,7.375849361966007,0.9598024901368847,0.02141154253245632,0.9896987468652487,0.00031386088041676646,247.550390625,12.23533668987737,10,5.653835860826238,5.276364778612074,0.015316894818455698,0.00022452254832571443,8.752632598196293
TCN,NIKKEI225,A,5,val,275.34052337398373,2.3248831439376576,349.7991793971076,1.8956673019659989,0.9841698632498865,0.00763184437416798,0.9169180250701352,0.0009014423590824973,216.5462890625,4.522575457620395,10,1.6631212126316874,1.3560786959176612,0.005459492578489325,0.0006448530169200854,3.2352555864621264
TCN,NIKKEI225,B,5,test,336.3732006540209,5.925653547811856,491.59226123964453,4.040457764757786,0.9737508799946865,0.016344960585894873,0.9894728430531055,0.00017294424665795352,252.1546875,7.856578927988596,10,4.238957187921519,2.890369365373694,0.011692480433227122,0.00012371686119771794,5.620257993579112
TCN,NIKKEI225,B,5,val,274.19692263719514,2.426652815349844,351.6834303591494,2.5902597780119856,0.9795886754018843,0.008470876535956509,0.9160186644869361,0.00123694306748113,212.157421875,4.040525001179457,10,1.7359228498965589,1.8529602205046987,0.006059700029771076,0.0008848557656370277,2.89041746341227
TCN,NIKKEI225,C,10,test,367.85347725059285,8.794770199356567,531.5297196037884,12.586270407926326,1.061423951902014,0.02444530888328608,0.987648503660699,0.0005911342366121651,281.04189453125,7.201628055441038,10,6.29139959869017,9.003675456946779,0.017487120528676812,0.00042287195852665774,5.151734363819126
TCN,NIKKEI225,C,10,val,288.4860979352678,6.072168033766515,370.84210545065446,9.556510634862773,1.031356266480889,0.021285562738761143,0.9077196602875519,0.004766319962522141,226.41806640625,10.10003998846063,10,4.343767337276517,6.8363158798001,0.015226774303020867,0.0034096199013402997,7.225133356503705
TCN,SP500,A,3,test,36.02614726970464,0.40748278767574747,51.13132211623397,0.36981324371098084,0.7471420897484014,0.007274203022319795,0.9960101624652538,5.772129616271627e-05,27.4369384765625,0.4478017349055465,10,0.2914956262352264,0.26454845781459924,0.005203651367577721,4.1291327832597354e-05,0.32033806357824257
TCN,SP500,A,3,val,36.57667945741983,0.2115511384411657,48.997813812310156,0.30211731289201715,0.8649607745171739,0.005237765293647131,0.968909610517998,0.0003828346552147556,27.40921630859375,0.5083527195535218,10,0.15133456785358326,0.21612170619594462,0.003746871574756521,0.0002738634144595405,0.36365362861056566
TCN,SP500,B,2,test,36.887460752882575,0.648951929479806,52.7532321142303,0.41012134266090594,0.7657595423018546,0.011346792493984171,0.9957537128218231,6.615775669508051e-05,28.0872314453125,0.6784225526921491,10,0.4642322444078374,0.2933831347656895,0.008117006371388237,4.732640813652218e-05,0.4853142582465674
TCN,SP500,B,2,val,37.184735410207246,0.23610861338410047,50.286917988686675,0.7462958713679989,0.881428234174517,0.006094619222050038,0.9673690611709882,0.0009666740260836964,27.889794921875,0.8587185612475904,10,0.16890192714764726,0.5338679054936839,0.004359827949862779,0.0006915169403985251,0.6142902530888351
TCN,SP500,C,2,test,37.65776227132904,0.4274283758328466,53.439350130387595,0.8249708808564457,0.7836475051472711,0.008331016633094697,0.9956418410251707,0.00013399155563847831,28.3679931640625,0.7067676523502948,10,0.3057638404674065,0.5901486168599425,0.00595965028238802,9.585178467010636e-05,0.5055911210379497
TCN,SP500,C,2,val,37.683256032759466,0.2963522538010798,50.583380410541594,0.7752588530455649,0.8936520056340317,0.008069542008470005,0.966982745762138,0.0010092782337373755,27.5105224609375,1.0148452142083793,10,0.2119976313618117,0.5545867744547444,0.005772602603922037,0.0007219941545677455,0.7259765324931804
Transformer,EUROSTOXX50,A,3,test,33.430436794420814,0.33407281245629616,45.37534303247686,0.36846790249680283,0.7336684785816819,0.006941949202977955,0.9931762740828882,0.00011106534699666363,25.292578125,0.8163333533767202,10,0.23898129349355898,0.2635860586861262,0.004965971303370533,7.945136299005466e-05,0.5839697019266568
Transformer,EUROSTOXX50,A,3,val,35.82784369361057,0.19173605390224097,49.65636912505174,0.23165388642233634,0.9175239376597439,0.004907315659883155,0.9595580846575315,0.0003778651969188489,27.0802734375,0.4102207645762556,10,0.1371597102859207,0.16571520745125684,0.003510482147162143,0.0002703084781485426,0.29345425691944144
Transformer,EUROSTOXX50,B,20,test,34.01013446065753,0.29449579234523654,46.77116811319264,0.40097291524944334,0.7041838526340108,0.0060395595706538375,0.9867991561561518,0.00022647383273136781,25.7050048828125,1.0591342451779422,10,0.2106695988386731,0.28683874403796666,0.004320440647995197,0.0001620096202700321,0.7576589966567886
Transformer,EUROSTOXX50,B,20,val,40.66241329988405,0.19255344476158237,54.58600308600448,0.33488545405395376,1.0811769651743712,0.005281975975637078,0.9572017659627164,0.0005249629064464092,30.6699462890625,1.0789172718376092,10,0.1377444364820423,0.23956262227253675,0.0037784979914364833,0.00037553584051414963,0.7718109213991329
Transformer,EUROSTOXX50,C,10,test,38.23715488510644,1.1233061730269143,52.691814394686034,1.9553093295438986,0.791893460065251,0.022477637650940414,0.9833163072520076,0.0012348510820110708,29.3181884765625,0.8810412064884332,10,0.8035648284141362,1.3987440322326588,0.016079533323903755,0.0008833592493837935,0.6302589115217998
Transformer,EUROSTOXX50,C,10,val,44.60551266198272,1.1233296150329413,59.23065915392306,1.024237329710163,1.1825906451826884,0.02835054988369531,0.9509677956985512,0.0016906691825209334,35.39208984375,1.9164878858583796,10,0.8035815978150379,0.7326952471792215,0.02028076164786837,0.001209431875458011,1.3709728443917852
Transformer,NIKKEI225,A,10,test,324.10577786246614,5.424867993945946,480.0305716532037,8.44546942619669,0.9383988268985112,0.01511180078397115,0.9899282688129125,0.0003543702642007592,240.0208984375,4.810511745583261,10,3.8807167835443446,6.041524878343186,0.010810331052733772,0.00025350121577292573,3.44123279854101
Transformer,NIKKEI225,A,10,val,272.91484589629124,1.867579561186744,348.24042554733586,1.5641692628382224,0.9754321729032294,0.006467384327552733,0.9186724151542084,0.0007307262660661127,218.7642578125,4.501294013573304,10,1.335985936577611,1.1189392843060133,0.004626488042395604,0.000522730080817467,3.2200317584936355
Transformer,NIKKEI225,B,3,test,324.35944054110735,5.475002625784079,475.1845951150005,10.06340726161082,0.9397129416528751,0.015262483149235105,0.9901796049702103,0.0004177213037542801,240.806640625,4.289002415588051,10,3.916580938658936,7.19892788236651,0.010918122723336003,0.0002988198194190774,3.0681674977915847
Transformer,NIKKEI225,B,3,val,274.9264472077156,1.7377810172777752,351.16637763599385,1.608659103965706,0.9817052837721258,0.005980304721055944,0.9158539750782516,0.000771330028892736,212.4130859375,5.267614877223941,10,1.2431336518050993,1.1507653994028828,0.004278052282122043,0.0005517762629646045,3.768224680509068
Transformer,NIKKEI225,C,3,test,355.4252275587248,8.22407878501868,510.49502223960235,10.707590938003582,1.028965604758374,0.02359645525908143,0.9886659810994635,0.00047179510844488096,271.3587890625,9.37476580518028,10,5.88315155425531,7.65974912399903,0.016879887226428785,0.0003375018890375634,6.706303460759054
Transformer,NIKKEI225,C,3,val,289.9043395173518,4.510398862688281,368.3332670304305,5.954305710612479,1.0342015001809435,0.014592742926752963,0.9074058460350672,0.0030140098106579464,237.88125,7.925941939187566,10,3.2265449751860165,4.259453710452448,0.010439019429965233,0.0021560927327707712,5.669877302660441
Transformer,SP500,A,10,test,36.20153773211051,0.2378207078815838,51.69027177225473,0.2339520057077085,0.7486647736969906,0.004576658424417011,0.9959239579557707,3.6883379700303174e-05,27.4157958984375,0.34173456405144437,10,0.1701266857701266,0.1673591829528328,0.0032739442102564242,2.6384780384802024e-05,0.24446218040911546
Transformer,SP500,A,10,val,36.474359375,0.15974331568951655,48.85895456873902,0.4086192980724711,0.8600023654103254,0.004097949674874724,0.967828201262612,0.0005388546296084438,28.0453369140625,1.1544889955378448,10,0.11427348406397121,0.2923086367962502,0.002931496600314306,0.0003854733806141893,0.8258716758455391
Transformer,SP500,B,2,test,36.62325877123737,0.45195287640821613,51.84423744252824,0.7268593496452506,0.7603345264135447,0.008950004360070537,0.9958982857960624,0.00011400881502994155,27.654345703125,0.4637009964763917,10,0.32330761131991215,0.5199638554509235,0.006402447427602212,8.155699317521595e-05,0.33171171014306167
Transformer,SP500,B,2,val,37.34547791642869,0.3455024738528531,50.82155634258892,0.832974133658352,0.8852778598214428,0.008496648944562079,0.9666700730581421,0.0010932993812912822,28.32763671875,0.5102651461996341,10,0.24715758070669433,0.5958737990221566,0.006078136500251023,0.000782099262719498,0.3650216962190583
Transformer,SP500,C,2,test,39.8377086495172,1.1665313810040892,55.664776390979,1.3611393135245884,0.8254932668338105,0.023819132837756735,0.9952697709203748,0.00022914636879308662,30.6817138671875,0.9849573464821622,10,0.8344862794533907,0.9737004079420427,0.017039181170142928,0.00016392143739828556,0.7045960399099649
Transformer,SP500,C,2,val,39.82474056074575,0.7158385040717529,53.37006833368561,1.0380403015173587,0.9451443323858966,0.01807369609928134,0.9632398895425694,0.0014329307832592903,30.4201171875,1.5012663723132864,10,0.5120800174600909,0.7425692983846613,0.012929143321355429,0.0010250569316078146,1.0739412671623718
